ngram,score
communication,460.25982722529346
collaborating cross,426.43712836899374
join team,426.43712836899374
cross functional teams,426.43712836899374
looking,426.43712836899374
role,426.43712836899374
role involves,426.43712836899374
role involves developing,426.43712836899374
join team candidate,426.43712836899374
candidate experience,426.43712836899374
requirements collaborating,426.43712836899374
join,426.43712836899374
deliverables,426.43712836899374
candidate,426.43712836899374
skills,426.43712836899374
skills preferred,426.43712836899374
requirements collaborating cross,426.43712836899374
requirements,426.43712836899374
involves developing solutions,426.43712836899374
cross functional,426.43712836899374
quality deliverables strong,426.43712836899374
quality deliverables,426.43712836899374
quality,426.43712836899374
cross,426.43712836899374
communication skills preferred,426.43712836899374
communication skills,426.43712836899374
maintaining,426.43712836899374
maintaining high,426.43712836899374
maintaining high quality,426.43712836899374
collaborating cross functional,426.43712836899374
problem solving communication,426.43712836899374
problem solving,426.43712836899374
problem,426.43712836899374
deliverables strong,426.43712836899374
analyzing requirements collaborating,426.43712836899374
collaborating,426.43712836899374
functional teams,426.43712836899374
experience,426.43712836899374
developing solutions analyzing,426.43712836899374
teams maintaining high,426.43712836899374
teams maintaining,426.43712836899374
teams,426.43712836899374
team candidate experience,426.43712836899374
team candidate,426.43712836899374
team,426.43712836899374
developing solutions,426.43712836899374
strong problem solving,426.43712836899374
strong problem,426.43712836899374
strong,426.43712836899374
developing,426.43712836899374
analyzing requirements,426.43712836899374
functional,426.43712836899374
functional teams maintaining,426.43712836899374
high,426.43712836899374
analyzing,426.43712836899374
involves developing,426.43712836899374
involves,426.43712836899374
deliverables strong problem,426.43712836899374
high quality deliverables,426.43712836899374
high quality,426.43712836899374
solutions,426.43712836899374
solutions analyzing,426.43712836899374
solutions analyzing requirements,426.43712836899374
solving,426.43712836899374
solving communication,426.43712836899374
solving communication skills,426.43712836899374
preferred,426.43712836899374
engineer join team,371.6532329779174
engineer join,371.6532329779174
engineer,371.6532329779174
python,365.58515880477046
sql,364.1014902243516
docker,314.00696279723985
git,276.0004445747769
api,274.9889331196309
aws,270.89398617698345
business,246.24287279848738
java,240.16818600897193
rest api,231.4048947892308
rest,231.4048947892308
analyst,220.33179111242802
analyst join,220.33179111242802
analyst join team,220.33179111242802
looking data,218.2454084751282
data,218.2454084751282
developer,214.86527720606082
developer join,214.86527720606082
developer join team,214.86527720606082
machine learning,193.68033676733697
learning,193.68033676733697
machine,193.68033676733697
power bi,186.61308989927363
bi,186.61308989927363
power,186.61308989927363
tableau,186.06335804774906
excel,184.56165561209076
kubernetes,182.12615925677983
terraform,181.25617419328188
linux,181.0510473695085
pandas,172.8455272271102
learn,171.59617879077354
scikit learn,171.59617879077354
scikit,171.59617879077354
looking software,156.09730367256654
looking software engineer,156.09730367256654
software,156.09730367256654
software engineer join,156.09730367256654
software engineer,156.09730367256654
candidate experience sql,154.00344715570182
experience sql,154.00344715570182
cloud engineer join,147.75316227437057
cloud engineer,147.75316227437057
looking cloud engineer,147.75316227437057
cloud,147.75316227437057
looking cloud,147.75316227437057
candidate experience python,147.31593180926154
experience python,147.31593180926154
python role involves,145.9161298660298
python role,145.9161298660298
sql role involves,145.33962485434373
sql role,145.33962485434373
data analyst,143.7170899965528
data analyst join,143.7170899965528
looking data analyst,143.7170899965528
looking qa,142.94785329846428
looking qa engineer,142.94785329846428
qa engineer join,142.94785329846428
qa,142.94785329846428
qa engineer,142.94785329846428
looking backend,141.279318930507
backend developer join,141.279318930507
backend,141.279318930507
looking backend developer,141.279318930507
backend developer,141.279318930507
looking devops,140.08637784679144
devops,140.08637784679144
devops engineer,140.08637784679144
devops engineer join,140.08637784679144
looking devops engineer,140.08637784679144
learning engineer,137.59336672925988
machine learning engineer,137.59336672925988
looking machine,137.59336672925988
looking machine learning,137.59336672925988
learning engineer join,137.59336672925988
business analyst,135.6950877574769
business analyst join,135.6950877574769
looking business analyst,135.6950877574769
looking business,135.6950877574769
data scientist,132.0912505711492
scientist join team,132.0912505711492
scientist join,132.0912505711492
scientist,132.0912505711492
looking data scientist,132.0912505711492
data scientist join,132.0912505711492
looking frontend,130.5223609765814
frontend,130.5223609765814
frontend developer,130.5223609765814
frontend developer join,130.5223609765814
looking frontend developer,130.5223609765814
experience docker,120.54405149172452
candidate experience docker,120.54405149172452
business analysis,116.82429411340048
analysis,116.82429411340048
azure,115.98546581521926
api testing,114.22509151053106
testing,114.22509151053106
statistics,112.10640693141416
docker role,111.51813927089131
docker role involves,111.51813927089131
jenkins,109.06125623313282
selenium,108.82342904257087
jira,108.75026985963845
postgresql,108.25348306183736
tensorflow,106.77396208718352
pytorch,106.6500427323579
node,105.99494816086359
node js,105.99494816086359
js,105.99494816086359
html,102.9835303373024
javascript,102.33162785923696
typescript,101.81288625156513
css,101.60713311016168
numpy,100.84528093498253
python sql,100.79904101884533
react,100.14874793818731
git role,97.81628400434934
git role involves,97.81628400434934
sql python,97.51854623640375
experience git,97.31544176580414
candidate experience git,97.31544176580414
aws role involves,94.56143001818964
aws role,94.56143001818964
candidate experience aws,94.11340952519262
experience aws,94.11340952519262
experience java,82.90415257310336
candidate experience java,82.90415257310336
java role,82.50088237755128
java role involves,82.50088237755128
api role,80.91425572601018
rest api role,80.91425572601018
api role involves,80.91425572601018
candidate experience rest,77.94958455532797
experience rest api,77.94958455532797
experience rest,77.94958455532797
docker python,77.34349674516845
python docker,69.94255406478739
experience tableau,62.398681323630015
candidate experience tableau,62.398681323630015
python java,61.087460169036845
java sql,60.45630031319557
excel role involves,60.18287267086356
excel role,60.18287267086356
sql java,60.18132351675624
linux role involves,59.96533241475117
linux role,59.96533241475117
java python,59.746833413301566
kubernetes role involves,59.5273637276913
kubernetes role,59.5273637276913
experience power,58.85633805890619
experience power bi,58.85633805890619
candidate experience power,58.85633805890619
tableau role,58.841551797508274
tableau role involves,58.841551797508274
candidate experience kubernetes,57.43491346836376
experience kubernetes,57.43491346836376
python aws,57.016095504312275
aws python,56.9097364043644
power bi role,56.83238282460092
bi role involves,56.83238282460092
bi role,56.83238282460092
experience excel,56.72738825788784
candidate experience excel,56.72738825788784
sql docker,56.71843395145204
candidate experience terraform,56.15697628296212
experience terraform,56.15697628296212
docker aws,56.10156307628059
terraform role involves,55.77398880152433
terraform role,55.77398880152433
docker sql,55.394915319884134
candidate experience linux,55.18236653434977
experience linux,55.18236653434977
scikit learn role,54.60747772553183
learn role involves,54.60747772553183
learn role,54.60747772553183
experience pandas,54.52533288832359
candidate experience pandas,54.52533288832359
aws docker,54.04290501436667
pandas role involves,53.13345792087038
pandas role,53.13345792087038
experience scikit learn,51.40632933992068
candidate experience scikit,51.40632933992068
experience scikit,51.40632933992068
sql tableau,49.650710644518256
power bi sql,49.3643351785446
bi sql,49.3643351785446
tableau power,49.1561155401497
tableau power bi,49.1561155401497
python rest api,48.25282483975184
python rest,48.25282483975184
docker java,48.22155778798707
java git,47.83760204555321
excel power bi,47.16841751350873
excel power,47.16841751350873
power bi tableau,46.60277486892975
bi tableau,46.60277486892975
excel sql,46.50040737897582
sql power bi,46.497968154926575
sql power,46.497968154926575
docker rest,46.42783703662022
docker rest api,46.42783703662022
python git,46.22958422929722
api git,46.12390912657196
rest api git,46.12390912657196
tableau excel,45.84700694336609
git java,45.78247941781485
api python,45.63509384731975
rest api python,45.63509384731975
sql excel,45.57819466403541
sql git,45.39011598376622
git docker,44.83779371160278
power bi excel,44.823537617664755
bi excel,44.823537617664755
java docker,44.48645747612685
docker terraform,44.226898552505816
rest api sql,44.170452828916375
api sql,44.170452828916375
sql rest,44.13671389219297
sql rest api,44.13671389219297
git sql,43.597390583038504
java rest api,43.37987555671749
java rest,43.37987555671749
git python,43.24469890759203
rest api docker,42.97026131927925
api docker,42.97026131927925
terraform aws,42.859710854091745
aws kubernetes,42.58779344069196
kubernetes linux,42.54428641854912
aws terraform,42.473270806717984
terraform kubernetes,41.60110174376731
excel tableau,41.595661496134895
docker git,41.48744792708797
terraform docker,41.0572443437671
tableau sql,40.826891914421196
api java,40.71126067812734
rest api java,40.71126067812734
python scikit learn,40.555616529717625
python scikit,40.555616529717625
terraform linux,40.49198298600705
linux kubernetes,40.34292874160844
git rest,40.03425984798333
git rest api,40.03425984798333
kubernetes aws,39.74197693609405
docker linux,39.69177795867044
pandas sql,39.574372640086494
kubernetes terraform,39.49844936664672
linux docker,39.41421732730483
linux aws,39.24086411559447
kubernetes docker,39.1296653983465
sql scikit learn,39.03543961129041
sql scikit,39.03543961129041
sql aws,39.01620856842054
pandas python,38.928710904583546
experience sql python,38.79742379396211
aws linux,38.64383071091727
linux terraform,38.492528627817116
python sql role,37.89216225052056
python pandas,37.84311326615296
communication role,37.83352181421333
communication role involves,37.83352181421333
docker kubernetes,37.599427592325796
api testing role,37.010959201793675
testing role involves,37.010959201793675
testing role,37.010959201793675
aws scikit,36.9685100602072
aws scikit learn,36.9685100602072
scikit learn python,36.5713639833759
learn python,36.5713639833759
experience azure,36.51220897394651
candidate experience azure,36.51220897394651
learn sql,36.45280077056754
scikit learn sql,36.45280077056754
aws sql,36.30651407243487
sql pandas,35.79623722658661
scikit learn aws,35.50305658679985
learn aws,35.50305658679985
pytorch role involves,35.02433658371177
pytorch role,35.02433658371177
experience api testing,34.51560266270081
experience api,34.51560266270081
candidate experience api,34.51560266270081
experience business,34.42992815061325
candidate experience business,34.42992815061325
experience business analysis,34.42992815061325
jenkins role,34.131930234673476
jenkins role involves,34.131930234673476
experience python sql,33.996291381160475
javascript role,33.159498313069875
javascript role involves,33.159498313069875
sql python role,33.10654491258469
analysis role,33.02736468554549
analysis role involves,33.02736468554549
business analysis role,33.02736468554549
js role involves,32.36891327106964
js role,32.36891327106964
node js role,32.36891327106964
statistics role involves,32.000655087999085
statistics role,32.000655087999085
experience css,31.697678795404503
candidate experience css,31.697678795404503
experience statistics,31.6013719523462
candidate experience statistics,31.6013719523462
experience postgresql,31.509083980360415
candidate experience postgresql,31.509083980360415
experience communication,31.33408549878016
candidate experience communication,31.33408549878016
experience html,31.292606249560027
candidate experience html,31.292606249560027
sql communication,31.237204504420152
azure role involves,31.17750830882873
azure role,31.17750830882873
jira role involves,31.02376656320153
jira role,31.02376656320153
candidate experience selenium,30.943799588635407
experience selenium,30.943799588635407
communication excel,30.917554540007142
analysis communication,30.830883040044117
business analysis communication,30.830883040044117
selenium role involves,30.70667673429494
selenium role,30.70667673429494
typescript role involves,30.679762591923097
typescript role,30.679762591923097
candidate experience jira,30.474047578814957
experience jira,30.474047578814957
tensorflow role,30.20287712950173
tensorflow role involves,30.20287712950173
experience numpy,30.18388215537742
candidate experience numpy,30.18388215537742
experience jenkins,29.9690308332578
candidate experience jenkins,29.9690308332578
analysis tableau,29.906490114827978
business analysis tableau,29.906490114827978
numpy role,29.59312810673544
numpy role involves,29.59312810673544
experience typescript,29.57697321490696
candidate experience typescript,29.57697321490696
sql business,29.3786722969706
sql business analysis,29.3786722969706
experience docker python,29.187960288864595
machine learning role,29.091207269678247
learning role,29.091207269678247
learning role involves,29.091207269678247
candidate experience node,29.05665943807634
experience node,29.05665943807634
experience node js,29.05665943807634
bi business analysis,28.85509197769547
bi business,28.85509197769547
power bi business,28.85509197769547
communication power bi,28.789356444986634
communication power,28.789356444986634
analysis excel,28.779863163517664
business analysis excel,28.779863163517664
tableau communication,28.690423710019218
css role involves,28.6712013758819
css role,28.6712013758819
postgresql role,28.64841375287432
postgresql role involves,28.64841375287432
react role,28.548450077423222
react role involves,28.548450077423222
communication business,28.499824484889423
communication business analysis,28.499824484889423
business analysis sql,28.419487922738448
analysis sql,28.419487922738448
html role,28.385449097295837
html role involves,28.385449097295837
experience pytorch,28.137577129587108
candidate experience pytorch,28.137577129587108
tableau business,28.01675095829139
tableau business analysis,28.01675095829139
excel business,27.904473072296007
excel business analysis,27.904473072296007
excel communication,27.872176386495045
bi communication,27.470711837381995
power bi communication,27.470711837381995
experience machine,27.428850083898162
experience machine learning,27.428850083898162
candidate experience machine,27.428850083898162
experience react,27.127924714530337
candidate experience react,27.127924714530337
candidate experience tensorflow,27.126975004262917
experience tensorflow,27.126975004262917
git jenkins,26.775200490001147
pandas power,26.58699855888216
pandas power bi,26.58699855888216
experience javascript,26.555803230643516
candidate experience javascript,26.555803230643516
docker scikit learn,26.511511322250644
docker scikit,26.511511322250644
learn pytorch,26.281288412898032
scikit learn pytorch,26.281288412898032
business analysis power,26.133176679493975
analysis power,26.133176679493975
analysis power bi,26.133176679493975
azure docker,26.112236446884122
python azure,25.986845669868067
tableau statistics,25.882812035410694
communication tableau,25.789244198292597
python linux,25.75240708333953
linux python,25.715149728272827
postgresql java,25.676528398596467
azure terraform,25.56446711183802
jira sql,25.562751891999273
azure aws,25.429279576250316
bi statistics,25.36496681712821
power bi statistics,25.36496681712821
api testing java,25.278212117298434
testing java,25.278212117298434
sql selenium,25.248240940956
communication sql,25.181989373645838
html javascript,25.180403172047537
python kubernetes,25.172958182729797
tableau python,25.142864852994272
jira git,24.987463717669534
sql api testing,24.85472709503667
sql api,24.85472709503667
kubernetes azure,24.815539239442323
git jira,24.76897562248581
postgresql node,24.72898859769412
postgresql node js,24.72898859769412
selenium sql,24.682861411501875
tensorflow docker,24.58878953479448
statistics excel,24.367260485859862
java api,24.363672971849812
java api testing,24.363672971849812
python docker role,24.231661606749835
postgresql python,24.22343299133907
git api testing,24.191974896721597
git api,24.191974896721597
sql tensorflow,24.151165371275663
azure linux,24.102946031477543
excel statistics,23.988026367314365
java jira,23.968665786613023
statistics sql,23.9256145634203
sql java role,23.92036975562116
statistics python,23.80018612239013
python excel,23.787604911369925
html rest,23.739124716110712
html rest api,23.739124716110712
experience python docker,23.72760553101716
tensorflow pytorch,23.63387367866612
sql postgresql,23.580425335175683
docker python role,23.55159976516951
statistics pandas,23.548261679112613
azure kubernetes,23.533372409717177
testing python,23.459471292333003
api testing python,23.459471292333003
kubernetes git,23.43259170166955
selenium java,23.430988663683106
statistics tableau,23.399857994106352
selenium api,23.399689663470713
selenium api testing,23.399689663470713
jenkins git,23.36282945119764
tensorflow python,23.30397484943393
learn pandas,23.274607168904883
scikit learn pandas,23.274607168904883
python api,23.273758096166162
python api testing,23.273758096166162
jenkins aws,23.271390970496174
bi pandas,23.264587843589982
power bi pandas,23.264587843589982
python tensorflow,23.260339793435293
experience python java,23.251614812171415
linux azure,23.249839636360146
bi python,23.249037982212865
power bi python,23.249037982212865
docker azure,23.242959504043384
testing selenium,23.226200582558892
api testing selenium,23.226200582558892
docker sql role,23.22282245503343
git kubernetes,23.16522423791066
terraform jenkins,23.125015733712925
learning python,23.09109455054013
machine learning python,23.09109455054013
api testing git,23.056569580978287
testing git,23.056569580978287
sql machine learning,23.016216943880607
sql machine,23.016216943880607
docker jenkins,23.015177611613133
aws git,23.01428909849106
sql statistics,23.00781876145698
python tableau,22.985279167885977
excel pandas,22.92365255866933
js docker,22.896736901044424
node js docker,22.896736901044424
aws azure,22.86691198004373
python postgresql,22.8456371935708
pytorch python,22.818329061310497
aws tensorflow,22.79656399855408
javascript react,22.790492203071036
numpy sql,22.767883047920503
docker tensorflow,22.7544442803527
python terraform,22.751570548672778
experience sql docker,22.749549218424235
docker pytorch,22.691616058889604
java node,22.67461753347476
java node js,22.67461753347476
jenkins docker,22.64128900941169
learn tensorflow,22.605166617803096
scikit learn tensorflow,22.605166617803096
learn docker,22.584461072311246
scikit learn docker,22.584461072311246
jenkins linux,22.560065821922226
linux jenkins,22.545438851706894
aws numpy,22.52986063564705
pytorch docker,22.529421554857503
api postgresql,22.527763172908397
rest api postgresql,22.527763172908397
git terraform,22.52459444997156
kubernetes python,22.48789666194672
azure python,22.45645799538084
aws pandas,22.431382546552506
terraform python,22.410566970759636
python node js,22.404102973901065
python node,22.404102973901065
jira python,22.3824905151479
machine learning aws,22.34947849183333
learning aws,22.34947849183333
sql node,22.3436921767128
sql node js,22.3436921767128
node js postgresql,22.29084979887126
js postgresql,22.29084979887126
pandas machine learning,22.289658579946707
pandas machine,22.289658579946707
excel python,22.238894138969236
git selenium,22.212254929736037
node js rest,22.208231641367057
js rest api,22.208231641367057
js rest,22.208231641367057
react html,22.202339899611033
git aws,22.19863941390831
api javascript,22.18885543378644
rest api javascript,22.18885543378644
css react,22.13480739872262
java sql role,22.097690863716064
jira selenium,22.074697891818374
java selenium,22.024383823905143
python jira,22.00401489487741
css git,21.994949544164445
git css,21.94573287443391
terraform git,21.94226921218829
learning scikit learn,21.916647873514435
learning scikit,21.916647873514435
machine learning scikit,21.916647873514435
typescript html,21.874581502743354
tensorflow sql,21.854151563392765
api testing sql,21.843010276579435
testing sql,21.843010276579435
numpy scikit,21.830925363459514
numpy scikit learn,21.830925363459514
git linux,21.80990714016298
rest api css,21.802533872163377
api css,21.802533872163377
selenium jira,21.776097240294742
java python role,21.774369774273914
typescript css,21.734770752320618
sql pytorch,21.72213286981488
tableau pandas,21.711596931998375
api testing jira,21.710567476928226
testing jira,21.710567476928226
scikit learn numpy,21.705600379133678
learn numpy,21.705600379133678
javascript typescript,21.67556890046126
pandas statistics,21.66826282086278
react css,21.650365930677754
pandas scikit learn,21.612595847102703
pandas scikit,21.612595847102703
java postgresql,21.604057801574424
git typescript,21.58478987749509
sql jira,21.576934361721612
python machine,21.56775043384687
python machine learning,21.56775043384687
css rest api,21.46324017619301
css rest,21.46324017619301
html typescript,21.458768845126276
aws machine learning,21.383282754128256
aws machine,21.383282754128256
git javascript,21.370553236725094
api node,21.36662284715943
rest api node,21.36662284715943
api node js,21.36662284715943
experience java python,21.351273085909543
docker postgresql,21.33950348696537
selenium python,21.323893375582745
jira api testing,21.297936385370786
jira api,21.297936385370786
node js python,21.294734505196548
js python,21.294734505196548
rest api html,21.265724520721253
api html,21.265724520721253
experience java sql,21.235444484119768
pandas numpy,21.20048176780403
jenkins kubernetes,21.182514299568222
postgresql rest,21.14650458182861
postgresql rest api,21.14650458182861
terraform azure,21.13955380899174
selenium git,21.120980589573666
react javascript,21.039501011587895
kubernetes jenkins,20.989225431680477
git react,20.96062663261441
numpy machine,20.953151988123246
numpy machine learning,20.953151988123246
linux git,20.947906077112076
react typescript,20.89291777320105
machine learning sql,20.8348978167167
learning sql,20.8348978167167
javascript rest,20.813086453860638
javascript rest api,20.813086453860638
pandas aws,20.80933438110832
statistics power,20.778020696830918
statistics power bi,20.778020696830918
machine learning pandas,20.74612044574596
learning pandas,20.74612044574596
postgresql docker,20.713202318932968
typescript rest,20.693558816051134
typescript rest api,20.693558816051134
python power bi,20.682831408052316
python power,20.682831408052316
python selenium,20.674995047032194
numpy pandas,20.6692363306371
scikit learn machine,20.668746371771483
learn machine learning,20.668746371771483
learn machine,20.668746371771483
postgresql sql,20.658602158869392
pytorch scikit learn,20.655320120119352
pytorch scikit,20.655320120119352
html git,20.624334571638034
git html,20.615707941027132
css javascript,20.585204857937526
node js sql,20.572983281065653
js sql,20.572983281065653
python java role,20.568913876147924
experience sql java,20.52781717102023
pytorch tensorflow,20.520217683362038
pytorch sql,20.49805235077693
typescript git,20.4337578568512
experience java git,20.413703083136394
typescript react,20.353355560396547
js java,20.317452392888605
node js java,20.317452392888605
pandas excel,20.26773607486152
python statistics,20.23915076527967
pytorch aws,20.228506199998677
python pytorch,20.21612188654234
aws pytorch,20.212332202931883
pandas tableau,20.141187871593537
aws python role,20.117488539791637
css typescript,20.10790629374986
tensorflow aws,19.948198433493996
javascript html,19.942519880189206
rest api typescript,19.932244893020506
api typescript,19.932244893020506
css html,19.902648634382036
experience aws python,19.82664704984539
javascript git,19.791447168453086
aws jenkins,19.698702842715726
html react,19.655957950175026
docker node js,19.653585080260527
docker node,19.653585080260527
react rest,19.599148729037207
react rest api,19.599148729037207
python numpy,19.46389676248614
rest api react,19.417767974682732
api react,19.417767974682732
tensorflow scikit learn,19.38169050022227
tensorflow scikit,19.38169050022227
typescript javascript,19.32933274445146
experience python aws,19.280535666080425
numpy aws,19.267994130701712
python aws role,19.121720470516586
machine learning numpy,19.10968533810281
learning numpy,19.10968533810281
experience docker java,19.001579532410457
sql tableau role,18.88856089983706
experience aws docker,18.85621552455423
sql numpy,18.807141919656953
jira java,18.77216575406214
jenkins terraform,18.605866152332254
experience docker rest,18.42493175413516
react git,18.380460098163876
experience docker aws,18.246474942444443
html css,18.15041414280627
numpy python,17.96220662498526
python git role,17.949129631140522
experience git java,17.851529167692373
experience python git,17.743961352117637
api git role,17.691559100441175
docker java role,17.687596788904635
docker aws role,17.61674217210224
experience tableau power,17.58575719513047
aws docker role,17.506103527957617
api docker role,17.45529990419169
javascript css,17.430340838964863
experience sql rest,17.367112252542675
experience docker sql,17.027545418947103
api sql role,16.937904440112057
git python role,16.88246538880316
excel sql role,16.794092830872305
experience docker git,16.730930703510875
kubernetes linux role,16.72477068517867
sql git role,16.715098606303194
python sql java,16.560929590148632
tableau excel role,16.46572792401712
experience java docker,16.449094378553596
experience python rest,16.42413194800471
experience excel power,16.407087728624372
sql docker role,16.40402757995671
bi sql role,16.338223765856096
experience git sql,16.25424300701785
terraform aws role,16.130975784354455
experience docker terraform,16.083955092623864
experience sql tableau,16.046085886443738
experience sql excel,16.02521838776928
java docker role,15.966304353088722
experience git docker,15.927837285553998
experience sql power,15.757146240598779
experience kubernetes aws,15.68258847231239
terraform linux role,15.67737817920466
experience excel tableau,15.668467683693521
bi tableau role,15.602515159756646
api python role,15.490946714607658
experience tableau excel,15.329619397691836
docker python sql,15.272265750498253
bi excel role,15.13815274563185
java git role,15.136070111304946
docker git role,15.062527294459226
experience git python,14.991739291319714
terraform kubernetes role,14.977405474343824
java python sql,14.933455123054914
experience tableau sql,14.912545464193155
experience sql git,14.887440300686983
git java role,14.75867945690477
experience java rest,14.72169629661048
git docker role,14.611391114143961
experience git rest,14.56475227468753
kubernetes aws role,14.563345033145419
bi sql tableau,14.552203601474261
linux kubernetes role,14.438235645580281
docker terraform role,14.18870003462816
linux docker role,14.082461273613042
sql python java,13.990691571586156
experience aws sql,13.98386162122705
docker kubernetes role,13.979440192807761
linux terraform role,13.975786695181517
git sql role,13.964320627877061
experience pandas sql,13.947286363407027
experience kubernetes linux,13.87634505427375
experience kubernetes docker,13.743494001220794
experience terraform docker,13.719549083485767
experience sql aws,13.712235578837145
api java role,13.645142625938183
docker python rest,13.627443123946852
experience terraform kubernetes,13.589181241107424
aws kubernetes role,13.511277615130334
java sql python,13.394655414153174
sql excel role,13.37041896096617
python java sql,13.273330448180195
sql aws role,13.18313310570844
terraform docker role,13.110728653325669
docker linux role,13.110697473260908
experience python scikit,13.109697656357156
pandas sql role,13.09741294766176
experience python pandas,13.097384715868632
git java python,13.00304546770632
bi excel sql,12.991419025135077
pandas python role,12.88856428545057
kubernetes terraform role,12.861220490356045
experience aws kubernetes,12.76693518769901
python docker sql,12.747324105818361
experience docker linux,12.652020932906197
sql python docker,12.64880547011804
experience sql scikit,12.601099454769908
git python sql,12.55462269132073
experience terraform aws,12.47689917539407
tableau sql power,12.402408015795224
linux aws role,12.340769377311064
experience excel sql,12.335085183388063
sql docker python,12.146530342198385
sql python git,12.138524844335294
experience terraform linux,12.134485070860727
experience aws scikit,12.099296901928424
experience linux docker,12.087425579862
sql pandas role,12.07384267535654
docker aws kubernetes,12.033806000222027
excel tableau role,12.02228896625202
experience aws linux,11.99800991721967
docker java python,11.984361253533635
docker java sql,11.983027557238401
git sql python,11.981478297403566
sql tableau power,11.977125444004754
sql python rest,11.824484466868453
kubernetes docker role,11.753931953873757
aws linux role,11.719780300371472
aws terraform role,11.684345800131549
sql git python,11.659766423442932
sql tableau excel,11.586619927705208
python sql rest,11.56907737723179
experience linux aws,11.55546836050367
learn python role,11.537882789079802
python java docker,11.514312606617278
experience linux kubernetes,11.508297207029283
experience linux terraform,11.506457587185897
tableau sql role,11.40098468864041
experience aws terraform,11.371823978606157
sql java python,11.345395644047695
python git java,11.340217769532712
python sql docker,11.295657704153284
linux aws docker,11.228940005033088
analysis communication role,11.184353893466849
api docker java,11.093340078390781
experience sql pandas,11.085117520725984
experience pandas python,11.013545156857871
api python java,10.972608314000759
experience kubernetes terraform,10.965339385865812
docker terraform aws,10.958039009797062
docker python java,10.951333248856653
java sql git,10.929625135928902
sql excel tableau,10.799297408562849
sql java git,10.798652174990671
aws terraform linux,10.664688373980633
tableau excel sql,10.65662280023038
aws kubernetes linux,10.590745026207678
java git python,10.572061453373204
learn aws role,10.560974104229622
sql communication role,10.554354087205331
java sql docker,10.549464854570497
learn sql role,10.505697024152186
kubernetes terraform aws,10.504006130194917
sql communication tableau,10.438149449307494
api sql java,10.413681417398873
python pandas role,10.393234478408381
java docker python,10.388588822330556
java python rest,10.38812465126779
java docker sql,10.380248626467948
analysis excel role,10.378291953865068
experience sql business,10.369232391339036
python sql git,10.352495858719346
java git sql,10.284759403289188
excel tableau sql,10.28425290867816
git java sql,10.283411622831121
api docker python,10.255879299014309
communication excel role,10.246248919585177
kubernetes linux aws,10.212546526445006
docker java rest,10.191495451577149
experience sql communication,10.190469764493198
aws terraform docker,10.183178591218615
python docker java,10.17654232497744
sql python scikit,10.154402275375823
analysis tableau role,10.138809640944597
sql docker java,10.128688900129758
learn pytorch role,10.103536128099163
terraform docker aws,10.102355178123767
python docker rest,10.101857520679816
experience linux python,10.084134380613028
experience communication business,10.067569835705365
python pandas sql,10.052840623188935
git jenkins role,10.031256985432197
excel sql tableau,9.939157941989327
aws sql role,9.884306892281113
experience python azure,9.877347309314588
experience sql selenium,9.87204676661144
aws terraform kubernetes,9.814256685983251
api sql docker,9.810963324178582
experience docker kubernetes,9.768474374039947
java python docker,9.759570002050637
bi sql excel,9.747924090046041
api python docker,9.743526600904667
experience azure terraform,9.726799285224576
sql java rest,9.719627728486419
excel communication role,9.696555331140033
excel tableau power,9.67033408818681
sql docker rest,9.669912293155493
sql aws python,9.623953095069977
aws kubernetes terraform,9.621094884563464
experience tableau python,9.620380477118577
tableau communication excel,9.545100758522189
experience azure python,9.528029094901253
pandas sql python,9.520791382469776
experience azure docker,9.49089385421175
sql tableau communication,9.464315531076002
bi excel tableau,9.446763952897257
python java rest,9.441745069939973
terraform aws linux,9.42717143315641
bi tableau business,9.389534189226637
excel sql power,9.344447303114567
tableau excel power,9.309143310571256
tableau communication role,9.302823481689432
communication excel sql,9.29766038686598
experience pandas power,9.288425717038368
excel sql communication,9.27045319460567
communication tableau role,9.24371772318663
experience tableau business,9.231680979098902
java sql rest,9.230008970100643
sql excel power,9.214912342597081
java docker rest,9.210211900514052
kubernetes aws terraform,9.209081893859429
bi tableau excel,9.197295883147914
bi communication role,9.189905171113523
experience sql postgresql,9.133225245366233
api python sql,9.1210587789601
react css role,9.064639869907115
kubernetes azure role,9.063378602932362
aws linux docker,9.062342847986
experience pandas machine,9.05314888593298
sql python aws,9.031218815112634
bi tableau sql,9.016023920431621
experience aws tensorflow,9.001626402790032
experience tableau statistics,8.984902397003017
terraform aws kubernetes,8.968141481774534
kubernetes terraform docker,8.959147399785275
experience communication excel,8.957648002713308
python linux role,8.945535800438215
sql statistics role,8.942671796362355
jira python role,8.89785833459203
experience docker scikit,8.892620169382223
linux kubernetes terraform,8.88377691058429
experience excel business,8.877667418448077
kubernetes docker terraform,8.871677545813773
docker terraform kubernetes,8.86463782884392
learn python aws,8.855374559853932
experience jenkins git,8.837420542340809
python java git,8.802842321152484
statistics sql role,8.800667003501303
experience css git,8.797530137482156
linux docker kubernetes,8.768933006512809
azure aws role,8.760287340938962
aws docker kubernetes,8.73481943046112
sql git java,8.733907308194702
docker sql python,8.727615051043896
git sql java,8.708624156837754
excel sql business,8.700579904841893
jira git role,8.69725618441197
testing java role,8.696734571849536
analysis communication excel,8.691560934165569
experience selenium sql,8.682084815313928
python sql aws,8.668652920920533
sql excel communication,8.660437110917808
experience numpy scikit,8.619028507060797
terraform jenkins role,8.615462854421368
api sql python,8.60806034500293
linux docker terraform,8.59866723278474
docker linux terraform,8.594209606033967
terraform docker linux,8.554433740240412
experience git jira,8.551332080639677
experience linux azure,8.547490716670918
experience postgresql java,8.53319648454743
experience jenkins aws,8.531154255745125
bi tableau communication,8.528696306376018
communication excel power,8.516648987026906
experience python postgresql,8.515054482988388
analysis tableau excel,8.491580807528312
aws linux terraform,8.490601900020227
selenium python role,8.488499669409395
java jira role,8.47921066085301
kubernetes docker linux,8.47456345139844
api java sql,8.467462369000698
aws linux kubernetes,8.466299961265555
learn numpy role,8.45805971592425
kubernetes docker aws,8.454306473803564
sql java docker,8.444264876338284
react javascript role,8.438023222947516
experience selenium api,8.426359063310061
api java git,8.425536702192968
pandas python sql,8.410930436492665
api java docker,8.39534526636421
experience html rest,8.382609592190054
experience jira sql,8.367718481159217
excel communication power,8.357517371551364
aws docker linux,8.356447329729003
python aws scikit,8.336730250057826
tensorflow pytorch role,8.325300112004413
statistics pandas role,8.323252109630108
linux aws terraform,8.314257930153484
java python git,8.312747820967665
sql tensorflow role,8.306018957510352
kubernetes aws linux,8.286993149626852
linux jenkins role,8.282597712923828
experience terraform git,8.28207313600761
terraform kubernetes linux,8.259707795272655
api docker sql,8.258698905429245
terraform linux kubernetes,8.248744116306034
communication tableau power,8.22118162913233
experience postgresql node,8.214014421046997
experience communication power,8.201565394109664
git python java,8.19744789461311
analysis sql tableau,8.194059256055313
python git sql,8.19222952135265
docker kubernetes linux,8.19026068674876
experience python tableau,8.163364581835586
tableau pandas role,8.157074843290404
docker kubernetes aws,8.123894017811027
api java python,8.116116551073056
learn pandas role,8.105149564833527
statistics python role,8.089886641710766
experience kubernetes jenkins,8.083122627183087
docker aws python,8.069174784946744
aws pytorch role,8.06878890348209
python java api,8.057660315220545
experience git css,8.056362335731478
analysis excel communication,8.052701544097731
tableau python role,8.039765783314726
experience docker jenkins,8.036848883098699
experience python machine,8.02450980514579
learning aws role,8.024469211227963
python docker aws,8.02026749978714
python aws docker,8.01447016629389
docker terraform linux,8.01399628285559
aws docker python,7.991008599206648
sql pytorch role,7.984733439157838
terraform aws docker,7.982719300450533
numpy sql role,7.96007500529613
docker linux kubernetes,7.9597351467668584
experience python terraform,7.956181133667545
postgresql java role,7.9483102489405795
learn sql python,7.945008155147156
experience git jenkins,7.927297005524874
java git docker,7.921092490113488
statistics tableau role,7.920627507657676
tableau sql excel,7.919639106668056
analysis sql excel,7.918813190765545
analysis excel sql,7.908096401879164
azure kubernetes role,7.905890594991706
experience docker azure,7.903944613358122
experience numpy sql,7.902597864949452
learn sql aws,7.880444284050659
experience sql tensorflow,7.872964579158799
experience statistics excel,7.867564335992859
experience aws jenkins,7.866829355504802
experience numpy pandas,7.8642683113040786
experience html javascript,7.858208285238909
api javascript role,7.851534979305082
aws kubernetes docker,7.8299967511305075
css typescript role,7.828711646968948
aws python sql,7.826767807088933
pytorch python role,7.825027056276772
javascript react role,7.818098642136266
tableau excel business,7.809307053559161
docker aws terraform,7.80495387646105
experience jira python,7.799688997168913
experience tableau communication,7.796882660679366
git docker python,7.777399578623744
git javascript role,7.775067721538965
api sql git,7.7702170364717995
python excel role,7.76148783081609
experience statistics pandas,7.759321466878142
statistics excel role,7.758414375105697
experience git aws,7.7535153148490865
experience python linux,7.74880134036427
terraform git jenkins,7.719646610383704
docker kubernetes terraform,7.712890863023718
experience terraform jenkins,7.708005712506291
analysis sql communication,7.684304814658014
experience react rest,7.676169880411152
aws azure role,7.667505080048894
linux kubernetes docker,7.664221867616524
learn python sql,7.64476608021246
experience sql node,7.6234871449906505
bi sql communication,7.623305193126354
tableau sql business,7.617983898810038
sql aws scikit,7.617892219610506
docker aws linux,7.610354586314294
typescript javascript role,7.604420079405323
learning python role,7.593899765133146
react html role,7.582053462238131
learn aws sql,7.581466909726297
experience sql machine,7.580123974711223
python aws sql,7.578346078973887
experience sql pytorch,7.551196215798437
excel python role,7.54865922304569
aws docker terraform,7.534660236833965
analysis tableau power,7.530837236737907
jira sql role,7.525862949981596
experience kubernetes git,7.52526125238842
linux terraform aws,7.518448753671056
python git docker,7.518128841078934
bi communication excel,7.516324347642123
docker sql rest,7.513504358345677
experience aws azure,7.508834273867202
aws python docker,7.506991956617483
git terraform role,7.501512610846157
bi communication sql,7.497425723696711
experience tensorflow sql,7.485685513034997
sql selenium role,7.481875656639691
aws python scikit,7.476851994614141
testing jira role,7.473951633809711
experience pytorch python,7.473861957332601
experience typescript css,7.462569174309142
sql communication power,7.462294506706837
communication sql role,7.461945075157911
experience excel statistics,7.460958718372774
experience pandas statistics,7.459317061734794
experience excel communication,7.458271029065571
excel pandas role,7.451457244438594
pytorch tensorflow role,7.450331231162318
react git role,7.43640037366161
experience python api,7.432204693037086
experience selenium jira,7.419527659400622
python sql pandas,7.4182892569641945
experience pytorch docker,7.408815495545933
terraform docker kubernetes,7.407391447448396
bi excel business,7.407243777375721
experience git html,7.406479759174643
experience tensorflow pytorch,7.4052954431491695
communication sql power,7.399789355004385
experience python node,7.3994536043630985
postgresql python role,7.39556058942709
python jira role,7.394687827941685
python postgresql role,7.392961430755862
kubernetes linux terraform,7.390387695845226
git selenium role,7.384920282795033
tensorflow python sql,7.379978571148734
experience python tensorflow,7.367372589085262
kubernetes python role,7.367027536082708
experience statistics sql,7.353246876812882
aws numpy role,7.349094633451918
experience tableau pandas,7.328140424310127
tensorflow docker role,7.316450088988052
experience aws git,7.311900409566583
jenkins kubernetes role,7.307123346069774
git java docker,7.2954164404900865
experience linux jenkins,7.289933881450138
analysis communication power,7.274321735864676
azure docker role,7.2628289874276275
api react role,7.242964001386999
terraform linux docker,7.242267431461594
testing python role,7.225519869740549
api python git,7.213063638661758
testing git role,7.209560376763768
python statistics role,7.2018927457965125
azure linux role,7.183666097033996
docker sql java,7.178255943723366
terraform linux aws,7.176393182187188
tableau python excel,7.1747319808958245
experience javascript react,7.174300842297364
git aws terraform,7.156056295133947
pandas numpy role,7.155616405246368
bi statistics role,7.155401959108123
api css role,7.154515401688075
experience docker node,7.15412535342539
docker linux aws,7.1493154157594985
statistics excel power,7.147631025589726
pandas statistics role,7.146831121159885
bi sql business,7.135130615883278
linux terraform kubernetes,7.128642908411797
experience pytorch aws,7.126010339158655
python kubernetes role,7.105988644775712
learning pandas role,7.100723535167438
sql docker git,7.085097632290665
communication sql tableau,7.077546369046021
experience html react,7.073804011739606
experience postgresql sql,7.07080226236067
experience css javascript,7.056469695231287
jira sql api,7.052338260024174
sql python pandas,7.0523238614805495
python selenium role,7.04670116018448
aws sql python,7.028234329941117
git linux role,7.028039713707013
api typescript role,7.025101981215175
git terraform linux,7.014629863605352
learn docker role,7.0078798020322886
experience linux git,6.995680731970074
learn aws python,6.9930463448763165
html javascript role,6.992381626728957
sql pandas python,6.986651213748428
experience azure kubernetes,6.974536310735556
aws git role,6.9604287295162255
js docker role,6.958439046853416
docker azure role,6.956756857179132
selenium git role,6.95469302515723
jenkins aws role,6.947099238870584
tableau excel communication,6.947004863574495
experience postgresql python,6.934291498774237
typescript css role,6.9335592479938635
terraform kubernetes docker,6.929809025197844
aws sql scikit,6.92325265929675
docker pytorch role,6.92066112469156
tableau statistics excel,6.912533187992458
azure python role,6.903794578550214
experience typescript html,6.901380808116308
bi communication business,6.8923844196396
experience tensorflow docker,6.887524275927506
experience java selenium,6.883384010311091
experience pandas excel,6.877720336562614
bi pandas role,6.875815696442468
terraform azure role,6.873031508123395
typescript html role,6.868571013551194
linux docker aws,6.866919482563875
selenium java role,6.863593523048256
experience azure linux,6.850232753023223
pytorch python sql,6.844373708858876
azure terraform role,6.843534436908131
experience sql statistics,6.838411686680851
experience javascript git,6.833451096445612
experience jira selenium,6.820625317699363
experience communication sql,6.819748862566434
python terraform role,6.811162157377442
experience typescript rest,6.810351923663241
experience css rest,6.805102536743195
html typescript role,6.803073509807713
experience aws pandas,6.790057028567356
experience statistics tableau,6.788504492110202
python kubernetes azure,6.788405959257078
experience jira git,6.785024330618033
experience terraform python,6.7822284170567375
analysis sql role,6.781464942136299
git jira role,6.777768649374794
linux python azure,6.7735989881779055
experience communication tableau,6.76474001744515
api git java,6.7640813021454615
java selenium role,6.76219893057287
git css rest,6.759067282714274
postgresql sql role,6.75021070373409
git typescript role,6.740772357867099
analysis communication sql,6.7355911840228
terraform kubernetes aws,6.731691024475619
experience css html,6.730380705164574
experience react html,6.719287936809138
experience excel python,6.7087809538328145
communication excel business,6.707640982268042
sql tableau business,6.707531528250733
excel communication business,6.702562985027905
experience git selenium,6.691912445006989
experience excel pandas,6.691643582362638
numpy aws role,6.681937231056571
java git rest,6.681280471849268
git docker rest,6.6733810902860915
aws python kubernetes,6.6732943980213735
python tableau excel,6.665193577945097
tableau communication business,6.662245048394579
experience css typescript,6.653342854283753
linux kubernetes aws,6.651327993818197
java postgresql role,6.649690559014149
experience pandas tableau,6.644027393557463
experience python excel,6.636301783240879
linux python role,6.627848855711579
experience typescript react,6.619115681562475
javascript typescript role,6.609477467834752
linux git role,6.603894565821604
docker jenkins role,6.593688899789274
javascript html role,6.590400618418817
linux terraform docker,6.590153935842926
git kubernetes role,6.586580068393223
sql communication business,6.572437727958624
testing selenium role,6.563064729876229
experience docker postgresql,6.561605947050173
docker python linux,6.56130204438936
learn tensorflow role,6.5477326122578665
docker python git,6.537621998270618
analysis excel power,6.52859092624104
sql jira role,6.521119617213724
excel statistics role,6.515817021865436
bi python role,6.515584241417463
selenium sql python,6.513582776642772
experience pandas scikit,6.512469942689337
experience python pytorch,6.504301646688358
experience java jira,6.500568843779592
js postgresql role,6.499795204078861
git jira sql,6.4981864969141
git docker sql,6.4931472282020755
js python role,6.488616173094056
excel tableau statistics,6.488141996288867
testing java jira,6.487448832436499
learning aws python,6.483664390536169
experience kubernetes python,6.47736665826754
experience azure aws,6.470192991256156
experience aws pytorch,6.4674980227336825
testing sql role,6.466989292437812
kubernetes git role,6.45899463906524
api git sql,6.455496681490789
analysis tableau communication,6.454824403080126
tableau pandas python,6.452623280079204
pandas numpy sql,6.441573800384679
experience python numpy,6.432645546252901
tableau statistics sql,6.425104431603631
python sql scikit,6.423654797126891
experience jenkins docker,6.422617284370181
linux python aws,6.420136635140793
sql postgresql python,6.414604108170398
pytorch sql role,6.412345677197145
sql python jira,6.409005156559449
numpy sql scikit,6.408567418064649
sql excel python,6.4042005577856695
js sql role,6.403700883595868
experience python kubernetes,6.399544131020455
experience css react,6.394321867537968
statistics pandas power,6.3912622463048665
azure docker kubernetes,6.3899670528259
aws pandas role,6.383008070676468
experience html css,6.3824240622713795
aws pandas python,6.364477523177383
experience git kubernetes,6.35397577082081
python git api,6.352686418278436
aws docker azure,6.342233877277133
experience sql numpy,6.339649569409019
experience docker tensorflow,6.335877908531619
experience statistics power,6.332313928212217
analysis sql power,6.307116675980429
kubernetes azure aws,6.305141433347534
experience sql jira,6.298199492434202
jenkins docker role,6.297531728034443
kubernetes jenkins role,6.294929668234251
experience selenium git,6.294333149224654
communication sql excel,6.2927363722086325
html javascript rest,6.290744416893467
api postgresql role,6.288939382823355
experience aws numpy,6.286666116897662
python azure aws,6.284144924129763
excel pandas power,6.280298363209999
jenkins aws terraform,6.279697459408384
git sql selenium,6.27913291755821
javascript git role,6.276153133137351
jenkins git role,6.275111528471839
docker python aws,6.274602949373268
numpy python role,6.269112416509224
sql excel statistics,6.267116586418575
kubernetes aws docker,6.265331168229411
css react role,6.2614638058084715
experience numpy machine,6.26012561154808
testing python sql,6.252964445894337
pandas excel role,6.234243696103591
azure docker terraform,6.228563890481021
experience java node,6.228075712083777
learning numpy role,6.224831423865078
analysis tableau sql,6.224241629542012
js java role,6.216640759428239
sql git docker,6.214931823849509
bi python tableau,6.2146774100431905
sql selenium api,6.213842893956647
docker tensorflow scikit,6.211242556058739
testing git selenium,6.207681378014463
git docker java,6.202193260529063
experience react typescript,6.195959623004851
azure linux python,6.1933924208498095
api javascript typescript,6.189078689782154
linux python kubernetes,6.177761519011827
java git jira,6.173571559055948
experience jenkins kubernetes,6.172209829197852
tableau excel pandas,6.169415713479057
python git rest,6.168301188757582
experience java api,6.165596732469858
python sql postgresql,6.163917824023539
experience git linux,6.161859389166166
typescript html javascript,6.160929348281825
tensorflow aws role,6.160120624654103
aws tensorflow role,6.148133632509166
python linux kubernetes,6.147778113594374
sql postgresql role,6.145160196698569
analysis communication tableau,6.1446053220978465
css git role,6.141443510044651
experience docker pytorch,6.137162085398522
selenium sql java,6.130498539981714
kubernetes git docker,6.129004131146891
java jira git,6.128156556124814
experience kubernetes azure,6.124172607530755
terraform kubernetes azure,6.12345216616726
python azure role,6.123128304384968
python tensorflow docker,6.1223922809956814
experience html typescript,6.099099647073608
sql docker scikit,6.096654395165753
aws python linux,6.087426506758468
experience postgresql docker,6.083360842043756
tableau communication power,6.074463563103004
experience statistics python,6.073948676439011
jenkins terraform role,6.062365017645853
experience javascript rest,6.055094935691068
api html role,6.04900369611858
testing selenium java,6.0485176465184445
experience html git,6.024781361354171
experience sql api,6.022228186879367
aws python tensorflow,6.016705633218765
python tensorflow role,6.016683729369009
kubernetes azure docker,6.015868783628219
java docker git,6.012889418352554
react typescript role,6.007932930463091
pytorch sql python,6.004017834789036
experience terraform azure,6.003519212770803
java git api,6.003110103289429
api css git,5.995653874402174
python sql tensorflow,5.991995361974072
docker azure linux,5.9878625302289095
pandas tableau statistics,5.987429759419121
experience react css,5.985871363157951
docker git java,5.983891524773775
kubernetes linux docker,5.983695142557327
azure kubernetes python,5.977010034986577
experience git terraform,5.973818351523984
jira git api,5.972418455063983
typescript react role,5.966519605119566
jenkins linux docker,5.958256010024544
terraform kubernetes git,5.95782628249283
java selenium python,5.955718026317322
jenkins linux role,5.950652107176969
excel python sql,5.949853935676238
git aws role,5.943848268842502
bi statistics sql,5.942090103904825
linux azure terraform,5.931371698943571
excel communication sql,5.896085779251063
git typescript css,5.877682752735332
tableau sql communication,5.876678892360933
experience tensorflow python,5.8698769998901925
experience typescript git,5.85749417228519
learning sql scikit,5.851000347390153
bi pandas excel,5.8489005172903745
git java rest,5.847955732092653
git jira python,5.846140278948804
tableau statistics pandas,5.8441795127147005
docker git sql,5.840608227144232
css javascript role,5.83644671129932
communication tableau excel,5.833566179282647
git kubernetes linux,5.8311095287803925
python excel power,5.823770975086686
azure terraform docker,5.822379200555837
docker jenkins kubernetes,5.821655681024529
excel tableau business,5.819924128148897
docker python scikit,5.818830775405398
kubernetes terraform linux,5.816811909317052
bi statistics pandas,5.814694001293976
git html typescript,5.814323204723963
aws docker git,5.814276981075973
python jira git,5.805296734529747
html git role,5.803605782370596
api postgresql node,5.80114874348641
api git typescript,5.800138853183237
docker aws git,5.796992777428148
docker python terraform,5.794713664005707
experience typescript javascript,5.781995975326038
experience jira api,5.775946202408082
postgresql python rest,5.770012992221796
bi python pandas,5.76730812779603
python aws pandas,5.765396296765623
python pytorch docker,5.76362734651944
jenkins docker linux,5.763145439125558
aws jenkins role,5.759260263122858
api python postgresql,5.758195182941583
postgresql java rest,5.752020442127063
terraform jenkins linux,5.7491562627755135
docker aws scikit,5.746302753305197
pytorch aws role,5.746093722608213
experience git typescript,5.744868108900837
jira git sql,5.7327359316686435
experience java postgresql,5.720634426956016
docker tensorflow role,5.715796669021555
html react css,5.714056724101919
sql java selenium,5.713117831433045
tensorflow sql scikit,5.708743532777564
tableau statistics role,5.707704510450293
git jenkins aws,5.701571547316708
pandas aws machine,5.688262649327488
experience git javascript,5.687215580640148
tensorflow python role,5.685035366205557
azure aws kubernetes,5.68306196826858
docker linux git,5.681113059551756
jira selenium role,5.6719766754391685
learning python aws,5.670998334477659
js docker java,5.6686765739603056
experience git api,5.668029143887662
azure terraform kubernetes,5.665810998011803
git react role,5.665076294752943
jenkins git kubernetes,5.6586746333090785
python sql excel,5.65719975529592
postgresql python node,5.64923893458336
jenkins git linux,5.649200410394636
js python java,5.647897600121932
docker postgresql rest,5.645130470948803
python azure docker,5.644585775592862
learning pandas scikit,5.638997781654589
pandas statistics python,5.638971928270917
terraform python role,5.637647183750683
linux git jenkins,5.628281799934934
pandas excel statistics,5.627312464496276
python pytorch role,5.62099179372521
pandas sql statistics,5.61687646517766
javascript git react,5.613148874886162
python azure kubernetes,5.612336289718245
postgresql java sql,5.611137817414869
tensorflow docker sql,5.610929662840935
tensorflow sql docker,5.609663361688295
experience pandas numpy,5.609518182236359
git sql rest,5.609181940895339
java postgresql python,5.59689525084863
docker sql aws,5.590872777123604
js postgresql rest,5.5825454568309185
testing selenium sql,5.581081596010671
pandas sql excel,5.580026441209934
python docker tensorflow,5.575361499991077
python kubernetes docker,5.564295983661527
aws tensorflow python,5.552518421060259
git html role,5.54652520532739
tensorflow python pytorch,5.545640064143553
html javascript react,5.537230103637085
sql tensorflow pytorch,5.524732328609512
api git docker,5.523555920282926
jenkins docker terraform,5.518121262034875
typescript git javascript,5.515495198601807
pandas aws role,5.515140628164128
python terraform kubernetes,5.513929939895391
experience pytorch tensorflow,5.509078710071031
tableau communication sql,5.504548500096354
excel statistics python,5.499765803968062
pytorch docker tensorflow,5.499439431592143
tensorflow docker pytorch,5.495819959290902
sql communication excel,5.49445445935595
linux azure aws,5.492317207917358
git kubernetes terraform,5.491594261473041
sql statistics python,5.476286380037014
selenium java jira,5.462760666120173
html javascript typescript,5.4586562531917595
python aws machine,5.453661130318778
jira selenium python,5.449414766583526
python java node,5.446832163386295
excel statistics power,5.446405246566078
python kubernetes terraform,5.445868463769509
python azure terraform,5.436995299717679
selenium sql role,5.436679128112635
postgresql docker role,5.424449759810506
testing python selenium,5.42330702528268
pytorch docker scikit,5.422925603706219
selenium jira git,5.42288802367416
tensorflow sql role,5.418478490443081
python linux docker,5.418143953470666
python tableau role,5.41814156246557
sql postgresql java,5.417223322745508
sql selenium java,5.416426543995188
experience selenium java,5.415525820536949
tensorflow docker python,5.4094017829247
kubernetes linux jenkins,5.406254398759152
sql git rest,5.399734040870118
git css react,5.398979629921462
git docker jenkins,5.395960516509334
experience python selenium,5.389802935871817
pytorch docker role,5.384873809635672
sql git jira,5.380211860477966
communication excel tableau,5.37635914223502
jira sql python,5.3747547765043215
azure terraform linux,5.371352152084289
python aws kubernetes,5.367770744980783
statistics python pandas,5.365998806043905
sql tensorflow docker,5.365803515197276
sql aws numpy,5.357383937684151
learn docker sql,5.356467672719801
java docker postgresql,5.356288632051434
react typescript git,5.3498969712605
learn numpy sql,5.348368321929772
docker sql scikit,5.335728492895607
linux kubernetes git,5.334359433562484
api git react,5.33432409081935
aws git terraform,5.333696534695583
excel communication tableau,5.333690351757592
jira selenium sql,5.332565701401684
bi statistics tableau,5.330601880563019
jira sql git,5.329671704180739
css react typescript,5.321067392162491
pandas tableau role,5.3166151204500665
sql excel business,5.316386421419698
git react javascript,5.316144468787967
statistics tableau python,5.311966713230185
pandas sql power,5.309962573387608
terraform python aws,5.30818171378459
learn pytorch python,5.302560653744885
aws pandas numpy,5.2945428132270935
api git css,5.291655808601918
docker java git,5.289707603822394
docker azure kubernetes,5.286852905726776
linux jenkins git,5.278597834328495
selenium java api,5.276217042457767
python sql api,5.26066573105979
experience python jira,5.25831976697968
git javascript html,5.257948797806801
learn tensorflow docker,5.254607317704967
experience pytorch scikit,5.251663728472814
git sql docker,5.250195896281891
learn pandas aws,5.2486935770386225
azure terraform python,5.248126773157363
aws azure terraform,5.248093841461217
docker terraform python,5.246756972476815
postgresql java docker,5.246613907496346
python docker scikit,5.246066924629942
python pandas tableau,5.244402103216463
terraform python docker,5.242899217634775
experience javascript typescript,5.236407659582224
docker terraform jenkins,5.233567728448586
docker python node,5.2312480913482675
docker aws azure,5.224243626520563
python numpy role,5.220399143724894
js docker python,5.219387090888325
learn tensorflow python,5.2190621556388885
azure docker python,5.2101788471092165
experience javascript html,5.203370367375126
sql python tensorflow,5.19924885256252
learn pytorch tensorflow,5.198674819712871
experience python statistics,5.19635014103167
kubernetes linux azure,5.189434578135518
jenkins git terraform,5.189366892013014
experience postgresql rest,5.188401752026388
testing java selenium,5.186788028191996
javascript css role,5.183525408811147
linux kubernetes azure,5.181783048771285
sql docker pytorch,5.178969878124354
api react html,5.177614695190266
api html javascript,5.177221176577422
pandas numpy machine,5.1760901169282105
python aws terraform,5.166375374778551
python postgresql java,5.1611434078019744
html git css,5.1492600274564495
aws tensorflow pytorch,5.148812095900739
testing sql python,5.147782355489641
azure aws python,5.14649114551417
postgresql docker rest,5.1436567211250654
html git typescript,5.142024999054252
aws sql machine,5.141823370421354
testing jira sql,5.14134407671038
python tensorflow scikit,5.140252332585022
azure docker aws,5.131089786744135
python azure linux,5.127576138189484
typescript html rest,5.126801380711632
jira python git,5.125939784775733
jira java role,5.125805922584808
bi excel python,5.125327086736211
terraform docker python,5.125167616696963
git python docker,5.122524273740117
docker jenkins aws,5.121510389663756
docker postgresql java,5.119640481481768
docker azure aws,5.11542847616893
experience python power,5.110933849263804
statistics sql excel,5.104585327627187
pandas python aws,5.101785784611316
docker pytorch sql,5.1001329418718635
docker pytorch python,5.0979247115630315
linux aws kubernetes,5.095598331663925
testing selenium git,5.09272866278433
java python api,5.088663508089402
sql docker tensorflow,5.0882151232908095
learning sql numpy,5.087306145401823
aws numpy python,5.087177501188016
testing sql java,5.084609343927138
bi sql pandas,5.082953419920782
sql python power,5.081893404606687
sql python api,5.080787655605355
sql selenium git,5.080738567410264
jenkins linux kubernetes,5.078783664566455
docker python azure,5.078185057444682
css html role,5.075863113153984
experience numpy aws,5.07195241428865
python sql tableau,5.070453523577814
java postgresql docker,5.067380346912478
typescript git role,5.065941728756929
docker postgresql role,5.060930552328397
typescript react javascript,5.059546502649329
tableau python power,5.050221252302948
docker python tensorflow,5.04940357637995
learn aws pandas,5.0472605525197105
python terraform linux,5.044733089467438
python sql node,5.042975892883912
python numpy scikit,5.041878303722033
css git html,5.041572377819791
jenkins docker aws,5.037898658490121
tensorflow sql pytorch,5.037888445853926
git react typescript,5.0337316065612265
statistics pandas sql,5.032326926849167
html typescript git,5.030394615218397
terraform jenkins docker,5.030309213033235
docker git rest,5.02740550121175
aws azure linux,5.022449034490109
learning sql role,5.021646082780357
aws jenkins linux,5.017408383640464
experience jenkins terraform,5.016347193685951
communication tableau business,5.010859417122626
pytorch python docker,5.010208878676689
git jenkins kubernetes,5.009547350693268
html css typescript,5.008899826248458
api html git,5.007174634686356
aws sql tensorflow,5.006878870488586
python linux aws,5.00512654750108
learn pytorch aws,4.995011933355831
html typescript javascript,4.990742133639281
kubernetes python terraform,4.988807767733546
experience jira java,4.9865395718891
aws python azure,4.985876534770105
html react role,4.983102373885234
aws terraform azure,4.9809655384588645
jenkins kubernetes aws,4.976227166841443
docker git jenkins,4.975744635795534
git sql api,4.958652922563218
selenium sql jira,4.951799012613944
pandas python statistics,4.9506698972260885
statistics python tableau,4.945206038419824
javascript react css,4.944198104828261
tensorflow pytorch sql,4.942563442259211
java sql node,4.9350286290954815
git css role,4.934494796557687
kubernetes git terraform,4.930377087050692
bi tableau python,4.92798590643634
bi excel communication,4.925878529792794
git jenkins linux,4.924556980254818
pandas tableau power,4.924484371520513
sql numpy pandas,4.920965264240216
learn pytorch sql,4.919102718947964
sql numpy role,4.918414599911883
selenium sql api,4.917699422722492
sql java node,4.915192541924882
kubernetes docker jenkins,4.907041726164228
experience selenium python,4.905837765687274
azure aws docker,4.905692887559437
html css react,4.904628315795189
git selenium java,4.9004651407804625
python statistics excel,4.900095106628617
tableau statistics power,4.897383589738243
aws pytorch scikit,4.894160357345908
bi statistics excel,4.893805968011238
javascript css html,4.893211509228922
sql docker aws,4.891229513999474
selenium python api,4.889681538256165
javascript typescript css,4.888459598751272
excel pandas python,4.886495255238876
typescript css react,4.88460742110069
terraform kubernetes python,4.879131662796857
python docker terraform,4.8743291474653
react html git,4.873410418808491
excel statistics tableau,4.872997894216037
aws linux azure,4.869515054249887
js postgresql java,4.868746777768097
python java jira,4.866124359230496
aws git docker,4.864944234951704
git aws kubernetes,4.864871717798419
kubernetes git jenkins,4.864454752890557
linux git aws,4.860500434038199
pandas python scikit,4.858973589984259
linux azure docker,4.853641506804389
excel tableau communication,4.852975438934816
sql pytorch docker,4.852173474194224
git java api,4.8503293447474425
git jira selenium,4.845051753212712
numpy pandas scikit,4.844483414658389
jenkins terraform aws,4.844247278988877
statistics tableau power,4.84423913396114
kubernetes terraform jenkins,4.842850342526607
react html javascript,4.841291596508797
sql postgresql rest,4.839900932392989
aws pandas machine,4.836852689313602
tensorflow pytorch docker,4.835709140857263
python docker pytorch,4.829276750340128
python tableau pandas,4.82848017750162
git jenkins docker,4.82180768453347
git kubernetes docker,4.821216367109698
react css git,4.81884242132925
learn aws machine,4.80810764657045
azure kubernetes aws,4.804147254247398
terraform linux git,4.800487932950558
git selenium api,4.797383386537068
python postgresql node,4.796750621064029
kubernetes python docker,4.796424435502745
java python jira,4.796256962806438
aws docker scikit,4.790488137783081
python docker postgresql,4.782299494095962
bi pandas python,4.779313639218051
communication tableau sql,4.77703924040729
react html rest,4.776683731550578
sql python excel,4.776609421677579
docker tensorflow python,4.775182046102166
docker sql node,4.774164076008062
sql git selenium,4.7727183890440426
css git javascript,4.770549529575257
experience git react,4.770513181788066
pandas aws numpy,4.768054212142684
learn sql machine,4.767546545948306
git selenium sql,4.759235345791705
docker terraform azure,4.758749769651213
linux terraform git,4.758323741034987
css react git,4.751364477383091
linux azure python,4.746634827666312
experience react javascript,4.739455759003915
azure linux aws,4.735134114383206
java sql selenium,4.7342276081313965
docker git kubernetes,4.732432636397255
linux azure role,4.721161776813486
learn sql pytorch,4.720282501225144
docker postgresql node,4.717866859772189
postgresql java node,4.717309923453821
aws python numpy,4.717105645651399
python aws numpy,4.716714325655499
git linux docker,4.714390679117263
javascript typescript html,4.711614626256352
git jira api,4.709926490376648
pandas python numpy,4.706387683484609
selenium java sql,4.703665767654609
python sql statistics,4.703063692800753
javascript react html,4.701798163372422
pandas python excel,4.699572623694271
sql selenium python,4.6971848162754455
pandas sql tableau,4.694793225913074
python tensorflow aws,4.693972410659089
pytorch docker python,4.692383086668833
js python docker,4.691095680438248
postgresql docker python,4.690087515629797
selenium jira api,4.687264646753438
python postgresql sql,4.683001151114487
azure terraform aws,4.682954612256205
kubernetes python aws,4.671802978149213
css html react,4.665506200199748
java jira sql,4.6619893862793935
api python node,4.659461111837437
aws python machine,4.6583388562292045
experience jenkins linux,4.658326523430937
kubernetes git aws,4.656770542740304
html css role,4.6534799772671915
git linux kubernetes,4.652733804584118
api postgresql java,4.649573764681029
docker python postgresql,4.648585506644166
tableau python sql,4.647905284598027
python docker azure,4.6420999150345255
pandas statistics tableau,4.641206249479952
javascript html rest,4.633258736043871
js sql java,4.633180419988811
java git selenium,4.633140764894627
sql tensorflow python,4.6306722928815836
selenium jira python,4.627667077843773
docker python kubernetes,4.624368196417184
sql pandas statistics,4.62250114767469
learn python docker,4.62023343932315
statistics sql python,4.619454609161067
python excel pandas,4.617025069253936
typescript react css,4.616563646881092
excel tableau pandas,4.614776019356033
learning python sql,4.612530633301968
azure python kubernetes,4.607150565432321
bi tableau pandas,4.6058558496209905
learning sql pandas,4.605540377418039
experience javascript css,4.6053362761166605
linux terraform jenkins,4.6033080236816515
docker git linux,4.602904911904798
sql pandas excel,4.599340410817056
python java postgresql,4.5965658338712405
docker sql pytorch,4.592436744797784
typescript css javascript,4.588696991918941
docker java postgresql,4.588051497541916
azure linux terraform,4.580450093193818
kubernetes python linux,4.580031984863196
terraform python kubernetes,4.579158254812225
git html javascript,4.577444403512542
jira git python,4.576227471469226
aws jenkins git,4.575223394023752
js sql postgresql,4.573730483608025
tableau pandas power,4.569361402327522
api postgresql docker,4.5685556162757495
html javascript git,4.5675736155913205
css git typescript,4.563446331164983
api git javascript,4.561015553941312
sql java jira,4.56076350608341
git javascript react,4.559558476861926
learn pandas machine,4.551639767607321
docker tensorflow aws,4.54338968569268
docker jenkins terraform,4.5361377269974765
css html javascript,4.535666560803147
api java postgresql,4.534985154136294
python tableau power,4.53424788706509
numpy pandas python,4.52793539402516
docker tensorflow pytorch,4.526637530266154
typescript css rest,4.520466566989122
selenium jira sql,4.5196149449654515
sql pandas aws,4.51783667641462
postgresql java python,4.5168726380700805
azure aws terraform,4.516553913841599
bi python sql,4.515472465247569
sql postgresql node,4.514852037545486
testing sql git,4.513266867165368
experience pandas aws,4.5107432931374465
bi pandas statistics,4.509395112283325
java selenium jira,4.500991417219332
selenium sql git,4.499947679204651
java sql api,4.498284737198051
css react javascript,4.4941264780479875
javascript html typescript,4.4928396967139435
aws sql pandas,4.4884260111322325
sql aws pytorch,4.482994522747987
sql statistics power,4.465922615775336
aws sql pytorch,4.464808878304843
statistics excel sql,4.463602108795349
numpy pandas aws,4.4625563799838925
learn tensorflow sql,4.457124822979344
testing jira selenium,4.456602327041885
docker sql tensorflow,4.455473043358447
git css typescript,4.453611412873451
js postgresql python,4.450197169650352
tensorflow pytorch python,4.4453572852372725
java jira api,4.445057851913603
python tensorflow pytorch,4.441481854912426
python selenium java,4.439457937822075
pytorch aws tensorflow,4.438705608436532
pandas python machine,4.438697986130437
pandas sql machine,4.436839735499145
postgresql python sql,4.436213215638273
learning numpy aws,4.429147394834332
git react html,4.40834455284416
java postgresql node,4.400805583624797
selenium git sql,4.385291862186641
statistics python power,4.382350646661543
javascript react git,4.380948268280348
learning python numpy,4.377466109161769
numpy python scikit,4.377094788007543
css git rest,4.376943803336241
javascript typescript rest,4.373290095029236
experience numpy python,4.370135909281992
python numpy machine,4.363048025426941
css javascript typescript,4.362046033261474
testing java git,4.353529315938929
python pytorch scikit,4.3514399036873925
html typescript rest,4.34344269261615
js sql rest,4.339467042954913
css javascript react,4.337639048030617
css javascript git,4.33248103588316
bi communication tableau,4.328816365546645
html git react,4.315542707876293
typescript git html,4.310854954316899
api html typescript,4.305736312372439
react typescript javascript,4.302896485358631
css html typescript,4.298951802949585
learn pandas python,4.291235742511358
analysis excel tableau,4.289100001397211
api javascript react,4.287641155394936
react javascript html,4.275102968768464
api typescript html,4.268266484816377
learning numpy scikit,4.268219042592393
sql pandas numpy,4.255890285283403
aws numpy scikit,4.225470205691982
css react rest,4.220906689010592
api postgresql python,4.211782967072601
learn tensorflow aws,4.2071891745469525
api git html,4.200419227570837
typescript html git,4.180834678843059
testing jira git,4.147347406903973
communication sql business,4.143741568873917
html typescript react,3.9781854940658987
